{
  "id": "4020304",
  "name": "hangzhou",
  "font_family": "iconfont",
  "css_prefix_text": "icon-",
  "description": "",
  "glyphs": [
    {
      "icon_id": "22843416",
      "name": "招商项目",
      "font_class": "zhaoshangxiangmu",
      "unicode": "e666",
      "unicode_decimal": 58982
    },
    {
      "icon_id": "23112792",
      "name": "生物",
      "font_class": "shengwu",
      "unicode": "e60a",
      "unicode_decimal": 58890
    },
    {
      "icon_id": "4838218",
      "name": "互联网 IT",
      "font_class": "hulianwangIT",
      "unicode": "e60f",
      "unicode_decimal": 58895
    },
    {
      "icon_id": "8135234",
      "name": "信息技术",
      "font_class": "lujing",
      "unicode": "e616",
      "unicode_decimal": 58902
    },
    {
      "icon_id": "8212427",
      "name": "航天-卫星",
      "font_class": "hangtiantubiao",
      "unicode": "e600",
      "unicode_decimal": 58880
    },
    {
      "icon_id": "13638700",
      "name": "能源",
      "font_class": "nengyuan",
      "unicode": "e657",
      "unicode_decimal": 58967
    },
    {
      "icon_id": "22611501",
      "name": "航空飞机",
      "font_class": "hangkongfeiji",
      "unicode": "e626",
      "unicode_decimal": 58918
    },
    {
      "icon_id": "22843401",
      "name": "经济发展",
      "font_class": "jingjifazhan",
      "unicode": "e664",
      "unicode_decimal": 58980
    },
    {
      "icon_id": "5618759",
      "name": "风景",
      "font_class": "fengjing",
      "unicode": "e66a",
      "unicode_decimal": 58986
    },
    {
      "icon_id": "5618766",
      "name": "美食",
      "font_class": "meishi",
      "unicode": "e66c",
      "unicode_decimal": 58988
    },
    {
      "icon_id": "5618776",
      "name": "天气",
      "font_class": "tianqi",
      "unicode": "e671",
      "unicode_decimal": 58993
    }
  ]
}
